{
  "deny": {
    "precision": 0.7,
    "recall": 1.0,
    "f1-score": 0.8235294117647058,
    "support": 7,
    "confused_with": {}
  },
  "greet": {
    "precision": 0.9166666666666666,
    "recall": 0.8461538461538461,
    "f1-score": 0.8799999999999999,
    "support": 13,
    "confused_with": {
      "deny": 2
    }
  },
  "affirm": {
    "precision": 1.0,
    "recall": 1.0,
    "f1-score": 1.0,
    "support": 6,
    "confused_with": {}
  },
  "faq": {
    "precision": 1.0,
    "recall": 1.0,
    "f1-score": 1.0,
    "support": 4,
    "confused_with": {}
  },
  "mood_unhappy": {
    "precision": 0.875,
    "recall": 1.0,
    "f1-score": 0.9333333333333333,
    "support": 14,
    "confused_with": {}
  },
  "mood_great": {
    "precision": 0.9230769230769231,
    "recall": 0.8571428571428571,
    "f1-score": 0.888888888888889,
    "support": 14,
    "confused_with": {
      "mood_unhappy": 2
    }
  },
  "chitchat": {
    "precision": 1.0,
    "recall": 1.0,
    "f1-score": 1.0,
    "support": 4,
    "confused_with": {}
  },
  "goodbye": {
    "precision": 1.0,
    "recall": 0.7272727272727273,
    "f1-score": 0.8421052631578948,
    "support": 11,
    "confused_with": {
      "mood_great": 1,
      "greet": 1
    }
  },
  "bot_challenge": {
    "precision": 1.0,
    "recall": 1.0,
    "f1-score": 1.0,
    "support": 5,
    "confused_with": {}
  },
  "accuracy": 0.9102564102564102,
  "macro avg": {
    "precision": 0.93497150997151,
    "recall": 0.9367299367299368,
    "f1-score": 0.9297618774605358,
    "support": 78
  },
  "weighted avg": {
    "precision": 0.9229454306377383,
    "recall": 0.9102564102564102,
    "f1-score": 0.9099868575410371,
    "support": 78
  }
}