{
  "bot_challenge": {
    "precision": 1.0,
    "recall": 1.0,
    "f1-score": 1.0,
    "support": 5,
    "confused_with": {}
  },
  "mood_great": {
    "precision": 1.0,
    "recall": 1.0,
    "f1-score": 1.0,
    "support": 14,
    "confused_with": {}
  },
  "affirm": {
    "precision": 1.0,
    "recall": 0.6666666666666666,
    "f1-score": 0.8,
    "support": 6,
    "confused_with": {
      "greet": 1,
      "chitchat": 1
    }
  },
  "greet": {
    "precision": 0.8666666666666667,
    "recall": 1.0,
    "f1-score": 0.9285714285714286,
    "support": 13,
    "confused_with": {}
  },
  "goodbye": {
    "precision": 1.0,
    "recall": 0.9090909090909091,
    "f1-score": 0.9523809523809523,
    "support": 11,
    "confused_with": {
      "greet": 1
    }
  },
  "mood_unhappy": {
    "precision": 1.0,
    "recall": 1.0,
    "f1-score": 1.0,
    "support": 14,
    "confused_with": {}
  },
  "chitchat": {
    "precision": 0.8,
    "recall": 1.0,
    "f1-score": 0.888888888888889,
    "support": 4,
    "confused_with": {}
  },
  "faq": {
    "precision": 1.0,
    "recall": 1.0,
    "f1-score": 1.0,
    "support": 2,
    "confused_with": {}
  },
  "accuracy": 0.9565217391304348,
  "macro avg": {
    "precision": 0.9583333333333333,
    "recall": 0.946969696969697,
    "f1-score": 0.9462301587301587,
    "support": 69
  },
  "weighted avg": {
    "precision": 0.9632850241545894,
    "recall": 0.9565217391304348,
    "f1-score": 0.9551184725097769,
    "support": 69
  }
}